,,Temp,Hi,Low,Out,Dew,Wind,Wind,Wind,Hi,Hi,Wind,Heat,THW,,,Rain,Heat,Cool,In,In,In,In,In,In Air,Wind,Wind,ISS,Arc.
Date,Time,Out,Temp,Temp,Hum,Pt.,Speed,Dir,Run,Speed,Dir,Chill,Index,Index,Bar,Rain,Rate,D-D,D-D,Temp,Hum,Dew,Heat,EMC,Density,Samp,Tx,Recept,Int.
--------,-------,-------,-------,-------,-------,------,------,-------,------,------,------,-------,-------,--------,-------,------,-------,--------,--------,------,-------,-------,-------,------,--------,------,------,--------,--------
12/10/2024,12:05a,7.6,7.6,7.4,80,4.3,4.8,ESE,0.4,8,SE,7.1,7.4,6.9,770.4,0,0,0.037,0,24.5,29,5.3,23.5,5.85,1.1924,111,1,97.4,5
12/10/2024,12:10a,7.7,7.7,7.6,79,4.3,3.2,SE,0.27,8,SE,7.7,7.6,7.6,770.3,0,0,0.037,0,24.6,29,5.4,23.6,5.85,1.1917,113,1,99.1,5
12/10/2024,12:15a,7.8,7.8,7.7,76,3.9,3.2,NNW,0.27,8,NNW,7.8,7.6,7.6,770.3,0,0,0.036,0,24.7,29,5.5,23.7,5.85,1.1912,115,1,100,5
12/10/2024,12:20a,7.9,7.9,7.8,77,4.2,3.2,NNE,0.27,8,NE,7.9,7.8,7.8,770.2,0,0,0.036,0,24.8,29,5.5,23.8,5.85,1.1907,116,1,100,5
12/10/2024,12:25a,8.2,8.2,7.9,75,4,3.2,NE,0.27,11.3,WNW,8.2,8,8,770.2,0,0,0.035,0,24.9,29,5.6,23.9,5.85,1.1902,117,1,100,5
12/10/2024,12:30a,8.3,8.3,8.2,72,3.5,4.8,NW,0.4,11.3,WNW,7.9,8.1,7.7,770.2,0,0,0.035,0,24.9,29,5.7,23.9,5.85,1.19,117,1,100,5
12/10/2024,12:35a,8.3,8.3,8.3,72,3.6,3.2,W,0.27,11.3,WSW,8.3,8.1,8.1,770.2,0,0,0.035,0,25.1,28,5.3,24.1,5.69,1.1897,113,1,99.1,5
12/10/2024,12:40a,8.3,8.3,8.3,72,3.6,3.2,W,0.27,9.7,W,8.3,8.1,8.1,770.1,0,0,0.035,0,25.2,28,5.4,24.1,5.7,1.1892,115,1,100,5
12/10/2024,12:45a,8.1,8.3,8.1,77,4.3,6.4,E,0.54,14.5,E,7.1,7.9,6.9,770.1,0,0,0.036,0,25.2,28,5.4,24.2,5.7,1.1889,116,1,100,5
12/10/2024,12:50a,7.7,8,7.7,77,3.9,9.7,E,0.8,14.5,E,5.9,7.5,5.8,770.1,0,0,0.037,0,25.3,28,5.5,24.2,5.7,1.1886,117,1,100,5
12/10/2024,12:55a,7.5,7.7,7.5,80,4.3,8,E,0.67,11.3,E,6.1,7.4,5.9,770,0,0,0.038,0,25.3,28,5.5,24.2,5.7,1.1885,114,1,100,5
12/10/2024,1:00a,7.3,7.5,7.3,79,3.9,9.7,E,0.8,14.5,E,5.5,7.2,5.4,770,0,0,0.038,0,25.3,28,5.5,24.3,5.7,1.1881,117,1,100,5
12/10/2024,1:05a,7.1,7.3,7.1,79,3.7,11.3,E,0.94,16.1,E,5,7,4.9,769.9,0,0,0.039,0,25.3,28,5.5,24.3,5.7,1.1881,114,1,100,5
12/10/2024,1:10a,7.1,7.1,7.1,79,3.7,8,E,0.67,11.3,E,5.6,6.9,5.4,769.8,0,0,0.039,0,25.4,28,5.5,24.3,5.7,1.1877,113,1,99.1,5
12/10/2024,1:15a,7,7.1,7,80,3.8,8,E,0.67,11.3,E,5.5,6.9,5.4,769.8,0,0,0.039,0,25.4,28,5.5,24.3,5.7,1.1876,113,1,99.1,5
12/10/2024,1:20a,7,7,7,79,3.6,6.4,E,0.54,9.7,E,5.9,6.9,5.8,769.7,0,0,0.039,0,25.3,28,5.5,24.3,5.7,1.1878,115,1,100,5
12/10/2024,1:25a,7,7,7,80,3.8,8,E,0.67,11.3,E,5.5,6.9,5.4,769.6,0,0,0.039,0,25.4,28,5.5,24.3,5.7,1.1874,115,1,100,5
12/10/2024,1:30a,7.1,7.1,7,80,3.8,6.4,E,0.54,11.3,E,5.9,6.9,5.8,769.5,0,0,0.039,0,25.3,28,5.5,24.3,5.7,1.1875,117,1,100,5
12/10/2024,1:35a,7.1,7.1,7.1,80,3.9,6.4,E,0.54,11.3,E,6.1,7,5.9,769.5,0,0,0.039,0,25.3,28,5.5,24.3,5.7,1.1874,117,1,100,5
12/10/2024,1:40a,7.1,7.1,7.1,80,3.9,4.8,E,0.4,9.7,E,6.6,7,6.4,769.3,0,0,0.039,0,25.3,28,5.5,24.2,5.7,1.1875,114,1,100,5
12/10/2024,1:45a,7.2,7.2,7.1,80,3.9,0,---,0,0,---,7.2,7.1,7.1,769.3,0,0,0.039,0,25.2,28,5.4,24.2,5.7,1.1877,114,1,100,5
12/10/2024,1:50a,7.2,7.2,7.2,80,4,0,---,0,0,---,7.2,7.1,7.1,769.3,0,0,0.039,0,25.2,28,5.4,24.1,5.7,1.1878,114,1,100,5
12/10/2024,1:55a,7.2,7.2,7.2,79,3.8,0,---,0,0,---,7.2,7.1,7.1,769.2,0,0,0.039,0,25.1,28,5.3,24.1,5.69,1.188,117,1,100,5
12/10/2024,2:00a,7.3,7.3,7.2,79,3.9,0,---,0,0,---,7.3,7.2,7.2,769.1,0,0,0.038,0,25.1,28,5.3,24.1,5.69,1.1881,117,1,100,5
12/10/2024,2:05a,7.4,7.4,7.3,80,4.2,0,E,0,3.2,E,7.4,7.3,7.3,769.1,0,0,0.038,0,25.1,28,5.3,24.1,5.69,1.1878,113,1,99.1,5
12/10/2024,2:10a,7.4,7.4,7.3,79,4,3.2,E,0.27,4.8,E,7.4,7.3,7.3,769,0,0,0.038,0,25.1,28,5.3,24.1,5.69,1.1877,116,1,100,5
12/10/2024,2:15a,7.5,7.5,7.4,79,4.1,3.2,E,0.27,8,SW,7.5,7.4,7.4,769,0,0,0.038,0,25.1,28,5.3,24.1,5.69,1.1877,112,1,98.2,5
12/10/2024,2:20a,7.6,7.6,7.5,79,4.1,4.8,WSW,0.4,8,SW,7.1,7.4,6.9,769,0,0,0.037,0,25.2,28,5.4,24.1,5.7,1.1874,114,1,100,5
12/10/2024,2:25a,7.6,7.6,7.5,79,4.1,6.4,WSW,0.54,12.9,WSW,6.6,7.4,6.4,768.9,0,0,0.037,0,25.2,28,5.4,24.2,5.7,1.187,116,1,100,5
12/10/2024,2:30a,7.6,7.6,7.6,79,4.2,6.4,WSW,0.54,12.9,WSW,6.6,7.5,6.5,768.8,0,0,0.037,0,25.3,28,5.5,24.2,5.7,1.1867,115,1,100,5
12/10/2024,2:35a,7.6,7.6,7.6,79,4.2,6.4,WSW,0.54,12.9,WSW,6.6,7.5,6.5,768.8,0,0,0.037,0,25.3,28,5.5,24.3,5.7,1.1864,115,1,100,5
12/10/2024,2:40a,7.6,7.6,7.6,80,4.4,3.2,WSW,0.27,8,WSW,7.6,7.5,7.5,768.8,0,0,0.037,0,25.3,28,5.5,24.3,5.7,1.1863,116,1,100,5
12/10/2024,2:45a,7.6,7.6,7.6,79,4.1,6.4,WSW,0.54,11.3,WSW,6.6,7.4,6.4,768.7,0,0,0.037,0,25.4,28,5.5,24.3,5.7,1.186,115,1,100,5
12/10/2024,2:50a,7.6,7.6,7.6,79,4.1,3.2,SW,0.27,8,SW,7.6,7.4,7.4,768.7,0,0,0.037,0,25.4,28,5.5,24.3,5.7,1.1859,114,1,100,5
12/10/2024,2:55a,7.6,7.6,7.6,79,4.1,6.4,SW,0.54,11.3,WSW,6.6,7.4,6.4,768.6,0,0,0.037,0,25.4,28,5.5,24.3,5.7,1.1858,115,1,100,5
12/10/2024,3:00a,7.5,7.6,7.5,79,4.1,4.8,WSW,0.4,9.7,WNW,7,7.4,6.9,768.6,0,0,0.038,0,25.4,28,5.6,24.4,5.71,1.1855,117,1,100,5
12/10/2024,3:05a,7.5,7.5,7.5,80,4.3,4.8,WSW,0.4,8,WSW,7,7.4,6.9,768.6,0,0,0.038,0,25.4,28,5.6,24.4,5.71,1.1855,115,1,100,5
12/10/2024,3:10a,7.4,7.5,7.4,80,4.2,4.8,WSW,0.4,11.3,WSW,6.9,7.3,6.8,768.6,0,0,0.038,0,25.4,28,5.6,24.4,5.71,1.1855,116,1,100,5
12/10/2024,3:15a,7.4,7.4,7.4,80,4.2,4.8,WSW,0.4,12.9,WSW,6.9,7.3,6.8,768.6,0,0,0.038,0,25.4,28,5.6,24.4,5.71,1.1855,116,1,100,5
12/10/2024,3:20a,7.4,7.4,7.4,80,4.2,3.2,SW,0.27,8,SW,7.4,7.3,7.3,768.5,0,0,0.038,0,25.4,28,5.5,24.3,5.7,1.1857,115,1,100,5
12/10/2024,3:25a,7.3,7.4,7.3,80,4.1,4.8,WSW,0.4,12.9,WSW,6.7,7.2,6.6,768.5,0,0,0.038,0,25.4,28,5.5,24.3,5.7,1.1856,114,1,100,5
12/10/2024,3:30a,7.2,7.3,7.2,81,4.2,6.4,WSW,0.54,11.3,WSW,6.2,7.1,6.1,768.5,0,0,0.039,0,25.4,28,5.5,24.3,5.7,1.1856,115,1,100,5
12/10/2024,3:35a,7.1,7.2,7.1,81,4.1,3.2,WSW,0.27,12.9,WSW,7.1,7,7,768.5,0,0,0.039,0,25.3,28,5.5,24.3,5.7,1.1858,116,1,100,5
12/10/2024,3:40a,6.9,7.1,6.9,81,3.9,1.6,WSW,0.13,8,WSW,6.9,6.8,6.8,768.4,0,0,0.04,0,25.3,28,5.5,24.3,5.7,1.1857,117,1,100,5
12/10/2024,3:45a,6.9,7,6.9,81,3.9,3.2,SW,0.27,8,SW,6.9,6.8,6.8,768.4,0,0,0.04,0,25.3,28,5.5,24.2,5.7,1.186,117,1,100,5
12/10/2024,3:50a,6.8,6.9,6.8,81,3.7,4.8,SW,0.4,12.9,WSW,6.2,6.7,6.1,768.4,0,0,0.04,0,25.2,28,5.4,24.2,5.7,1.1862,117,1,100,5
12/10/2024,3:55a,6.7,6.8,6.7,79,3.3,3.2,SW,0.27,8,SW,6.7,6.6,6.6,768.3,0,0,0.04,0,25.2,28,5.4,24.1,5.7,1.1864,117,1,100,5
12/10/2024,4:00a,6.7,6.7,6.7,79,3.3,3.2,SW,0.27,9.7,W,6.7,6.6,6.6,768.3,0,0,0.041,0,25.2,28,5.4,24.1,5.7,1.1863,115,1,100,5
12/10/2024,4:05a,6.7,6.7,6.6,79,3.3,3.2,WSW,0.27,9.7,WSW,6.7,6.6,6.6,768.2,0,0,0.041,0,25.1,28,5.3,24.1,5.69,1.1864,113,1,99.1,5
12/10/2024,4:10a,6.6,6.7,6.6,80,3.4,1.6,W,0.13,6.4,W,6.6,6.5,6.5,768.2,0,0,0.041,0,25.1,28,5.3,24.1,5.69,1.1867,116,1,100,5
12/10/2024,4:15a,6.6,6.6,6.6,80,3.4,3.2,W,0.27,6.4,W,6.6,6.5,6.5,768.1,0,0,0.041,0,25,28,5.2,24,5.69,1.1868,116,1,100,5
12/10/2024,4:20a,6.6,6.6,6.6,80,3.4,1.6,SW,0.13,4.8,SW,6.6,6.4,6.4,768.1,0,0,0.041,0,25,28,5.2,24,5.69,1.1868,117,1,100,5
12/10/2024,4:25a,6.6,6.6,6.6,80,3.4,1.6,SW,0.13,6.4,SW,6.6,6.4,6.4,768,0,0,0.041,0,24.9,28,5.2,23.9,5.69,1.1869,115,1,100,5
12/10/2024,4:30a,6.5,6.6,6.5,80,3.3,1.6,SW,0.13,4.8,SW,6.5,6.4,6.4,768,0,0,0.041,0,24.9,28,5.2,23.9,5.69,1.1869,117,1,100,5
12/10/2024,4:35a,6.5,6.5,6.5,80,3.3,1.6,SW,0.13,6.4,SW,6.5,6.4,6.4,768,0,0,0.041,0,24.9,28,5.1,23.9,5.69,1.1871,117,1,100,5
12/10/2024,4:40a,6.4,6.5,6.4,80,3.2,0,---,0,0,---,6.4,6.3,6.3,767.9,0,0,0.041,0,24.9,28,5.1,23.9,5.69,1.187,112,1,98.2,5
12/10/2024,4:45a,6.4,6.4,6.4,81,3.4,0,SW,0,4.8,SW,6.4,6.3,6.3,767.8,0,0,0.041,0,24.8,28,5.1,23.8,5.68,1.1871,115,1,100,5
12/10/2024,4:50a,6.4,6.4,6.4,81,3.4,0,---,0,0,---,6.4,6.3,6.3,767.8,0,0,0.041,0,24.8,28,5.1,23.8,5.68,1.1871,115,1,100,5
12/10/2024,4:55a,6.3,6.4,6.3,81,3.3,1.6,SE,0.13,8,NW,6.3,6.2,6.2,767.9,0,0,0.042,0,24.8,28,5,23.8,5.68,1.1875,116,1,100,5
12/10/2024,5:00a,6.3,6.4,6.3,80,3.1,3.2,NW,0.27,6.4,NW,6.3,6.2,6.2,767.9,0,0,0.042,0,24.8,28,5,23.8,5.68,1.1875,114,1,100,5
12/10/2024,5:05a,6.3,6.3,6.3,81,3.3,1.6,NW,0.13,4.8,NW,6.3,6.2,6.2,767.8,0,0,0.042,0,24.7,28,5,23.7,5.68,1.1876,116,1,100,5
12/10/2024,5:10a,6.3,6.3,6.3,80,3.1,3.2,WNW,0.27,4.8,WNW,6.3,6.1,6.1,767.8,0,0,0.042,0,24.7,28,4.9,23.7,5.68,1.1879,115,1,100,5
12/10/2024,5:15a,6.2,6.3,6.2,80,3,1.6,WNW,0.13,6.4,WNW,6.2,6.1,6.1,767.8,0,0,0.042,0,24.6,28,4.9,23.6,5.68,1.1881,117,1,100,5
12/10/2024,5:20a,6.2,6.2,6.2,81,3.1,1.6,N,0.13,8,N,6.2,6,6,767.8,0,0,0.042,0,24.6,28,4.8,23.6,5.67,1.1884,114,1,100,5
12/10/2024,5:25a,6.2,6.2,6.1,81,3.1,3.2,N,0.27,6.4,N,6.2,6,6,767.7,0,0,0.042,0,24.4,28,4.7,23.4,5.67,1.1888,110,1,96.5,5
12/10/2024,5:30a,6.1,6.2,6.1,81,3.1,3.2,N,0.27,8,NW,6.1,5.9,5.9,767.7,0,0,0.042,0,24.4,28,4.7,23.4,5.67,1.1889,117,1,100,5
12/10/2024,5:35a,6.1,6.1,6.1,81,3,3.2,NW,0.27,14.5,WNW,6.1,5.9,5.9,767.6,0,0,0.043,0,24.3,28,4.6,23.2,5.66,1.1894,116,1,100,5
12/10/2024,5:40a,6,6.1,6,82,3.2,1.6,SW,0.13,6.4,SW,6,5.9,5.9,767.6,0,0,0.043,0,24.2,28,4.5,23.2,5.66,1.1895,117,1,100,5
12/10/2024,5:45a,6,6,6,82,3.2,1.6,W,0.13,6.4,W,6,5.9,5.9,767.6,0,0,0.043,0,24.2,28,4.5,23.1,5.66,1.1898,117,1,100,5
12/10/2024,5:50a,5.9,6,5.9,82,3.1,1.6,W,0.13,6.4,W,5.9,5.8,5.8,767.6,0,0,0.043,0,24.1,28,4.4,23,5.66,1.1903,117,1,100,5
12/10/2024,5:55a,5.9,5.9,5.9,82,3,3.2,NNW,0.27,9.7,NNW,5.9,5.8,5.8,767.5,0,0,0.043,0,24,28,4.4,22.9,5.65,1.1905,117,1,100,5
12/10/2024,6:00a,5.8,5.9,5.8,83,3.2,1.6,N,0.13,6.4,N,5.8,5.7,5.7,767.5,0,0,0.043,0,24,28,4.4,22.9,5.65,1.1904,115,1,100,5
12/10/2024,6:05a,5.8,5.8,5.8,83,3.1,3.2,WNW,0.27,11.3,WNW,5.8,5.7,5.7,767.5,0,0,0.044,0,23.9,28,4.3,22.9,5.65,1.1907,113,1,99.1,5
12/10/2024,6:10a,5.8,5.8,5.8,83,3.1,1.6,NW,0.13,4.8,NW,5.8,5.7,5.7,767.3,0,0,0.044,0,23.9,28,4.3,22.8,5.65,1.1907,115,1,100,5
12/10/2024,6:15a,5.7,5.8,5.7,83,3.1,0,NW,0,4.8,NW,5.7,5.6,5.6,767.3,0,0,0.044,0,23.9,28,4.3,22.8,5.65,1.1907,115,1,100,5
12/10/2024,6:20a,5.7,5.7,5.7,83,3.1,3.2,WSW,0.27,8,WSW,5.7,5.6,5.6,767.4,0,0,0.044,0,23.8,28,4.2,22.8,5.66,1.191,117,1,100,5
12/10/2024,6:25a,5.6,5.7,5.6,83,2.9,3.2,NNW,0.27,8,NNW,5.6,5.5,5.5,767.3,0,0,0.044,0,23.8,28,4.2,22.8,5.66,1.191,117,1,100,5
12/10/2024,6:30a,5.6,5.7,5.6,83,2.9,1.6,NNW,0.13,3.2,NNW,5.6,5.5,5.5,767.2,0,0,0.044,0,23.8,28,4.2,22.7,5.66,1.1911,115,1,100,5
12/10/2024,6:35a,5.6,5.6,5.6,83,2.9,1.6,NNW,0.13,4.8,NNW,5.6,5.5,5.5,767.3,0,0,0.044,0,23.7,28,4.1,22.6,5.67,1.1914,113,1,99.1,5
12/10/2024,6:40a,5.6,5.6,5.6,84,3.1,1.6,W,0.13,4.8,W,5.6,5.4,5.4,767.2,0,0,0.044,0,23.7,28,4.1,22.6,5.67,1.1913,114,1,100,5
12/10/2024,6:45a,5.5,5.6,5.5,84,3,4.8,WSW,0.4,9.7,WSW,4.7,5.4,4.6,767.3,0,0,0.045,0,23.7,28,4.1,22.6,5.67,1.1914,113,1,99.1,5
12/10/2024,6:50a,5.5,5.5,5.5,84,3,0,WSW,0,1.6,WSW,5.5,5.4,5.4,767.3,0,0,0.045,0,23.7,28,4.1,22.6,5.67,1.1917,115,1,100,5
12/10/2024,6:55a,5.5,5.5,5.4,84,3,1.6,WSW,0.13,8,WSW,5.5,5.4,5.4,767.4,0,0,0.045,0,23.7,29,4.6,22.6,5.87,1.1914,116,1,100,5
12/10/2024,7:00a,5.5,5.5,5.4,84,3,3.2,WSW,0.27,6.4,WSW,5.5,5.4,5.4,767.4,0,0,0.045,0,23.6,29,4.5,22.5,5.87,1.1918,117,1,100,5
12/10/2024,7:05a,5.5,5.5,5.4,84,3,1.6,WSW,0.13,6.4,WSW,5.5,5.4,5.4,767.4,0,0,0.045,0,23.6,29,4.5,22.5,5.87,1.1918,117,1,100,5
12/10/2024,7:10a,5.5,5.5,5.5,85,3.2,1.6,WSW,0.13,8,WSW,5.5,5.4,5.4,767.4,0,0,0.045,0,23.6,29,4.5,22.4,5.87,1.1921,116,1,100,5
12/10/2024,7:15a,5.5,5.6,5.5,85,3.2,0,---,0,0,---,5.5,5.4,5.4,767.4,0,0,0.045,0,23.6,29,4.5,22.4,5.87,1.1919,114,1,100,5
12/10/2024,7:20a,5.6,5.6,5.5,85,3.2,0,WSW,0,1.6,WSW,5.6,5.4,5.4,767.3,0,0,0.044,0,23.5,29,4.4,22.4,5.88,1.1922,114,1,100,5
12/10/2024,7:25a,5.5,5.6,5.5,85,3.2,0,---,0,0,---,5.5,5.4,5.4,767.3,0,0,0.045,0,23.5,29,4.4,22.4,5.88,1.1921,114,1,100,5
12/10/2024,7:30a,5.5,5.6,5.5,85,3.2,0,---,0,0,---,5.5,5.4,5.4,767.2,0,0,0.045,0,23.5,29,4.4,22.4,5.88,1.192,114,1,100,5
12/10/2024,7:35a,5.6,5.6,5.5,85,3.2,0,SE,0,1.6,SE,5.6,5.4,5.4,767.2,0,0,0.044,0,23.4,29,4.4,22.3,5.88,1.1922,118,1,100,5
12/10/2024,7:40a,5.6,5.6,5.6,86,3.4,4.8,SE,0.4,6.4,SE,4.8,5.4,4.7,767.2,0,0,0.044,0,23.4,29,4.4,22.3,5.88,1.1921,113,1,99.1,5
12/10/2024,7:45a,5.5,5.6,5.5,86,3.3,4.8,SE,0.4,8,SE,4.7,5.4,4.6,767.3,0,0,0.045,0,23.4,29,4.3,22.2,5.89,1.1926,116,1,100,5
12/10/2024,7:50a,5.5,5.6,5.5,86,3.3,3.2,SE,0.27,6.4,SE,5.5,5.4,5.4,767.3,0,0,0.045,0,23.3,29,4.3,22.2,5.89,1.1928,115,1,100,5
12/10/2024,7:55a,5.4,5.5,5.4,85,3.1,3.2,SE,0.27,6.4,SE,5.4,5.3,5.3,767.3,0,0,0.045,0,23.3,29,4.3,22.2,5.89,1.1929,116,1,100,5
12/10/2024,8:00a,5.4,5.4,5.4,85,3.1,1.6,ESE,0.13,4.8,ESE,5.4,5.3,5.3,767.3,0,0,0.045,0,23.3,29,4.2,22.1,5.89,1.1932,116,1,100,5
12/10/2024,8:05a,5.4,5.4,5.4,86,3.3,1.6,SE,0.13,4.8,ESE,5.4,5.3,5.3,767.3,0,0,0.045,0,23.2,29,4.2,22.1,5.9,1.1934,114,1,100,5
12/10/2024,8:10a,5.4,5.4,5.4,86,3.3,1.6,S,0.13,4.8,S,5.4,5.3,5.3,767.3,0,0,0.045,0,23.2,29,4.1,22,5.9,1.1937,115,1,100,5
12/10/2024,8:15a,5.4,5.4,5.4,85,3.1,3.2,SSW,0.27,6.4,SSW,5.4,5.3,5.3,767.3,0,0,0.045,0,23.1,29,4.1,21.9,5.91,1.1938,116,1,100,5
12/10/2024,8:20a,5.4,5.4,5.4,85,3.1,1.6,SSW,0.13,3.2,SSW,5.4,5.3,5.3,767.3,0,0,0.045,0,23.1,29,4.1,21.9,5.91,1.1939,117,1,100,5
12/10/2024,8:25a,5.4,5.4,5.4,86,3.3,3.2,SSE,0.27,6.4,SSE,5.4,5.3,5.3,767.3,0,0,0.045,0,23.1,29,4,21.8,5.91,1.1942,116,1,100,5
12/10/2024,8:30a,5.4,5.4,5.4,86,3.2,1.6,SSE,0.13,3.2,SSE,5.4,5.3,5.3,767.3,0,0,0.045,0,23.1,29,4,21.8,5.91,1.1942,114,1,100,5
12/10/2024,8:35a,5.4,5.4,5.4,87,3.4,3.2,SSE,0.27,3.2,SSE,5.4,5.3,5.3,767.3,0,0,0.045,0,23,30,4.5,21.8,6.11,1.1941,117,1,100,5
12/10/2024,8:40a,5.4,5.4,5.4,88,3.6,4.8,SSE,0.4,6.4,SSE,4.6,5.3,4.6,767.3,0,0,0.045,0,23,30,4.5,21.8,6.11,1.1941,115,1,100,5
12/10/2024,8:45a,5.3,5.4,5.3,89,3.7,3.2,SSE,0.27,6.4,SSE,5.3,5.3,5.3,767.3,0,0,0.045,0,22.9,30,4.4,21.8,6.12,1.1943,115,1,100,5
12/10/2024,8:50a,5.3,5.3,5.2,88,3.5,3.2,SSE,0.27,4.8,SSE,5.3,5.2,5.2,767.2,0,0,0.045,0,22.9,30,4.4,21.8,6.12,1.1942,112,1,98.2,5
12/10/2024,8:55a,5.2,5.3,5.2,88,3.4,1.6,SSE,0.13,4.8,SSE,5.2,5.2,5.2,767.2,0,0,0.046,0,22.9,30,4.4,21.7,6.12,1.1944,116,1,100,5
12/10/2024,9:00a,5.2,5.2,5.2,89,3.6,0,SSE,0,3.2,SSE,5.2,5.2,5.2,767.1,0,0,0.046,0,22.9,30,4.4,21.7,6.12,1.1943,116,1,100,5
12/10/2024,9:05a,5.2,5.2,5.2,89,3.5,1.6,SSE,0.13,4.8,SSE,5.2,5.1,5.1,767.1,0,0,0.046,0,22.9,30,4.4,21.7,6.12,1.1943,116,1,100,5
12/10/2024,9:10a,5.2,5.2,5.2,89,3.5,4.8,SSE,0.4,8,SSE,4.3,5.1,4.3,767.1,0,0,0.046,0,22.9,30,4.4,21.7,6.12,1.1943,117,1,100,5
12/10/2024,9:15a,5.1,5.2,5.1,89,3.4,3.2,SSE,0.27,6.4,SSE,5.1,5.1,5,767.1,0,0,0.046,0,22.9,30,4.4,21.7,6.12,1.1943,116,1,100,5
12/10/2024,9:20a,5.1,5.2,5.1,90,3.6,0,SSE,0,1.6,SSE,5.1,5.1,5.1,767.1,0,0,0.046,0,22.9,30,4.4,21.7,6.12,1.1943,116,1,100,5
12/10/2024,9:25a,5.1,5.1,5.1,89,3.4,0,---,0,0,---,5.1,5,5,767.1,0,0,0.046,0,22.9,30,4.4,21.7,6.12,1.1942,112,1,98.2,5
12/10/2024,9:30a,5.1,5.1,5,89,3.4,0,---,0,0,---,5.1,5,5,767.1,0,0,0.046,0,22.9,30,4.4,21.7,6.12,1.1942,115,1,100,5
12/10/2024,9:35a,5.1,5.1,5,90,3.6,0,---,0,0,---,5.1,5,5,767.1,0,0,0.046,0,22.9,30,4.4,21.7,6.12,1.1943,116,1,100,5
12/10/2024,9:40a,5.1,5.1,5.1,90,3.6,0,---,0,0,---,5.1,5.1,5.1,767.1,0,0,0.046,0,22.9,30,4.4,21.7,6.12,1.1943,117,1,100,5
12/10/2024,9:45a,5.1,5.1,5.1,90,3.6,0,---,0,0,---,5.1,5.1,5.1,767.1,0,0,0.046,0,22.9,30,4.4,21.7,6.12,1.1942,115,1,100,5
12/10/2024,9:50a,5.1,5.1,5.1,90,3.6,0,---,0,0,---,5.1,5,5,767.1,0,0,0.046,0,22.9,30,4.4,21.7,6.12,1.1942,116,1,100,5
12/10/2024,9:55a,5.1,5.1,5.1,90,3.6,0,---,0,0,---,5.1,5,5,767.1,0,0,0.046,0,22.9,30,4.4,21.7,6.12,1.1942,117,1,100,5
12/10/2024,10:00a,5.1,5.1,5.1,90,3.6,0,---,0,0,---,5.1,5,5,767.1,0,0,0.046,0,22.8,30,4.3,21.6,6.13,1.1945,115,1,100,5
12/10/2024,10:05a,5.1,5.1,5,90,3.6,0,---,0,0,---,5.1,5,5,767,0,0,0.046,0,22.8,30,4.3,21.6,6.13,1.1944,114,1,100,5
12/10/2024,10:10a,5,5.1,5,90,3.5,0,---,0,0,---,5,4.9,4.9,767,0,0,0.046,0,22.8,31,4.8,21.7,6.29,1.1941,113,1,99.1,5
12/10/2024,10:15a,4.9,5,4.9,90,3.4,0,---,0,0,---,4.9,4.9,4.9,767,0,0,0.046,0,22.8,30,4.3,21.6,6.13,1.1943,116,1,100,5
12/10/2024,10:20a,4.9,4.9,4.9,90,3.4,0,---,0,0,---,4.9,4.9,4.9,766.9,0,0,0.046,0,22.8,30,4.3,21.6,6.13,1.1943,116,1,100,5
12/10/2024,10:25a,5,5,4.9,90,3.5,0,---,0,0,---,5,4.9,4.9,766.9,0,0,0.046,0,22.8,30,4.3,21.6,6.13,1.1941,115,1,100,5
12/10/2024,10:30a,5.1,5.1,5,90,3.6,0,---,0,0,---,5.1,5,5,766.9,0,0,0.046,0,22.8,30,4.3,21.6,6.13,1.1942,117,1,100,5
12/10/2024,10:35a,5,5.1,5,90,3.5,0,---,0,0,---,5,4.9,4.9,766.9,0,0,0.046,0,22.8,31,4.8,21.7,6.29,1.1939,117,1,100,5
12/10/2024,10:40a,5,5,5,90,3.5,0,---,0,0,---,5,4.9,4.9,766.9,0,0,0.046,0,22.8,31,4.8,21.7,6.29,1.1938,116,1,100,5
12/10/2024,10:45a,5,5,5,90,3.5,0,---,0,0,---,5,4.9,4.9,766.9,0,0,0.046,0,22.8,31,4.8,21.7,6.29,1.1939,115,1,100,5
12/10/2024,10:50a,5,5,5,90,3.5,0,---,0,0,---,5,4.9,4.9,766.9,0,0,0.046,0,22.8,31,4.8,21.7,6.29,1.1939,114,1,100,5
12/10/2024,10:55a,4.9,5,4.9,90,3.4,0,---,0,0,---,4.9,4.8,4.8,766.8,0,0,0.047,0,22.8,31,4.8,21.7,6.29,1.1938,113,1,99.1,5
12/10/2024,11:00a,4.8,4.9,4.8,90,3.3,0,---,0,0,---,4.8,4.8,4.8,766.9,0,0,0.047,0,22.8,31,4.8,21.7,6.29,1.1938,115,1,100,5
12/10/2024,11:05a,4.8,4.9,4.8,90,3.3,0,SSE,0,4.8,SSE,4.8,4.8,4.8,766.7,0,0,0.047,0,22.8,31,4.8,21.6,6.29,1.1939,115,1,100,5
12/10/2024,11:10a,4.8,4.8,4.8,89,3.1,4.8,SSE,0.4,8,SE,3.9,4.7,3.9,766.7,0,0,0.047,0,22.8,31,4.8,21.7,6.29,1.1936,114,1,100,5
12/10/2024,11:15a,4.8,4.8,4.8,89,3.1,4.8,ESE,0.4,9.7,ESE,3.9,4.7,3.9,766.7,0,0,0.047,0,22.8,31,4.8,21.6,6.29,1.1938,115,1,100,5
12/10/2024,11:20a,4.8,4.8,4.7,89,3.1,3.2,ESE,0.27,6.4,ESE,4.7,4.7,4.7,766.7,0,0,0.047,0,22.8,30,4.3,21.6,6.13,1.1942,115,1,100,5
12/10/2024,11:25a,4.7,4.8,4.7,89,3.1,0,---,0,0,---,4.7,4.7,4.7,766.7,0,0,0.047,0,22.8,30,4.3,21.6,6.13,1.1942,115,1,100,5
12/10/2024,11:30a,4.7,4.7,4.7,89,3,0,---,0,0,---,4.7,4.6,4.6,766.6,0,0,0.047,0,22.8,30,4.3,21.6,6.13,1.1941,114,1,100,5
12/10/2024,11:35a,4.7,4.7,4.7,89,3,0,---,0,0,---,4.7,4.6,4.6,766.5,0,0,0.047,0,22.8,30,4.3,21.6,6.13,1.1939,112,1,98.2,5
12/10/2024,11:40a,4.6,4.7,4.6,89,3,0,---,0,0,---,4.6,4.6,4.6,766.6,0,0,0.048,0,22.8,30,4.3,21.6,6.13,1.194,115,1,100,5
12/10/2024,11:45a,4.6,4.6,4.6,89,3,1.6,ESE,0.13,4.8,ESE,4.6,4.6,4.6,766.5,0,0,0.048,0,22.8,30,4.3,21.6,6.13,1.1939,115,1,100,5
12/10/2024,11:50a,4.6,4.6,4.6,89,3,3.2,ESE,0.27,4.8,ESE,4.5,4.6,4.4,766.5,0,0,0.048,0,22.7,30,4.2,21.5,6.13,1.1941,115,1,100,5
12/10/2024,11:55a,4.6,4.6,4.6,89,2.9,3.2,ESE,0.27,4.8,ESE,4.4,4.5,4.4,766.4,0,0,0.048,0,22.8,30,4.3,21.6,6.13,1.1937,118,1,100,5
12/10/2024,12:00p,4.5,4.6,4.5,89,2.8,3.2,ESE,0.27,6.4,ESE,4.4,4.4,4.3,766.4,0,0,0.048,0,22.7,30,4.2,21.5,6.13,1.1939,117,1,100,5
12/10/2024,12:05p,4.5,4.5,4.5,89,2.8,3.2,ESE,0.27,6.4,ESE,4.4,4.4,4.3,766.3,0,0,0.048,0,22.7,30,4.2,21.5,6.13,1.1938,116,1,100,5
12/10/2024,12:10p,4.5,4.5,4.5,89,2.8,4.8,ESE,0.4,6.4,ESE,3.6,4.4,3.6,766.3,0,0,0.048,0,22.7,30,4.2,21.5,6.13,1.1937,116,1,100,5
12/10/2024,12:15p,4.5,4.5,4.4,89,2.8,3.2,ESE,0.27,9.7,E,4.4,4.4,4.3,766.2,0,0,0.048,0,22.7,30,4.2,21.4,6.14,1.1939,113,1,99.1,5
12/10/2024,12:20p,4.4,4.4,4.4,89,2.8,4.8,E,0.4,6.4,E,3.6,4.4,3.5,766.1,0,0,0.048,0,22.7,30,4.2,21.4,6.14,1.1938,112,1,98.2,5
12/10/2024,12:25p,4.4,4.4,4.4,89,2.7,4.8,E,0.4,8,E,3.5,4.3,3.4,766.1,0,0,0.048,0,22.7,30,4.2,21.4,6.14,1.1938,117,1,100,5
12/10/2024,12:30p,4.4,4.4,4.4,89,2.7,4.8,E,0.4,8,E,3.5,4.3,3.4,766.1,0,0,0.048,0,22.7,30,4.2,21.4,6.14,1.1938,116,1,100,5
12/10/2024,12:35p,4.4,4.4,4.3,89,2.7,4.8,ENE,0.4,6.4,ENE,3.5,4.3,3.4,766.1,0,0,0.048,0,22.7,30,4.2,21.4,6.14,1.1937,116,1,100,5
12/10/2024,12:40p,4.3,4.3,4.3,90,2.8,4.8,ENE,0.4,8,ENE,3.4,4.3,3.3,766.1,0,0,0.049,0,22.6,30,4.1,21.3,6.14,1.1939,117,1,100,5
12/10/2024,12:45p,4.3,4.3,4.3,90,2.8,1.6,ENE,0.13,4.8,ENE,4.3,4.3,4.3,766,0,0,0.049,0,22.6,30,4.1,21.3,6.14,1.1939,116,1,100,5
12/10/2024,12:50p,4.3,4.3,4.3,90,2.8,0,ENE,0,1.6,ENE,4.3,4.3,4.3,766,0,0,0.049,0,22.6,30,4.1,21.3,6.14,1.1939,115,1,100,5
12/10/2024,12:55p,4.3,4.3,4.3,90,2.8,0,ENE,0,1.6,ENE,4.3,4.3,4.3,766,0,0,0.049,0,22.6,30,4.1,21.3,6.14,1.1939,115,1,100,5
12/10/2024,1:00p,4.3,4.3,4.3,90,2.8,0,---,0,0,---,4.3,4.3,4.3,766,0,0,0.049,0,22.6,30,4.1,21.3,6.14,1.1939,115,1,100,5
12/10/2024,1:05p,4.4,4.4,4.3,90,2.9,0,---,0,0,---,4.4,4.3,4.3,766,0,0,0.048,0,22.6,30,4.1,21.3,6.14,1.1938,114,1,100,5
12/10/2024,1:10p,4.4,4.4,4.3,90,2.9,1.6,ENE,0.13,6.4,ENE,4.4,4.3,4.3,765.9,0,0,0.048,0,22.6,30,4.1,21.3,6.14,1.1937,116,1,100,5
12/10/2024,1:15p,4.4,4.4,4.4,90,2.9,4.8,ENE,0.4,8,ENE,3.5,4.3,3.4,765.8,0,0,0.048,0,22.6,30,4.1,21.2,6.15,1.1938,116,1,100,5
12/10/2024,1:20p,4.4,4.4,4.4,90,2.9,4.8,ENE,0.4,6.4,ENE,3.5,4.3,3.4,765.8,0,0,0.048,0,22.6,30,4.1,21.2,6.15,1.1938,116,1,100,5
12/10/2024,1:25p,4.4,4.4,4.4,90,2.9,4.8,ENE,0.4,8,ENE,3.6,4.4,3.5,765.8,0,0,0.048,0,22.6,30,4.1,21.2,6.15,1.1938,116,1,100,5
12/10/2024,1:30p,4.4,4.4,4.4,90,2.9,6.4,ENE,0.54,11.3,ENE,2.9,4.4,2.9,765.8,0,0,0.048,0,22.6,30,4.1,21.2,6.15,1.1937,115,1,100,5
12/10/2024,1:35p,4.4,4.4,4.4,89,2.8,6.4,ENE,0.54,11.3,ENE,2.9,4.4,2.9,765.8,0,0,0.048,0,22.6,30,4.1,21.2,6.15,1.1938,117,1,100,5
12/10/2024,1:40p,4.4,4.4,4.4,90,2.9,6.4,ENE,0.54,8,ENE,2.9,4.4,2.9,765.7,0,0,0.048,0,22.6,30,4.1,21.2,6.15,1.1936,115,1,100,5
12/10/2024,1:45p,4.4,4.4,4.4,90,2.9,6.4,ENE,0.54,11.3,E,2.9,4.3,2.8,765.6,0,0,0.048,0,22.5,30,4,21.2,6.15,1.1938,112,1,98.2,5
12/10/2024,1:50p,4.4,4.4,4.4,90,2.9,6.4,ENE,0.54,9.7,ENE,2.9,4.3,2.8,765.6,0,0,0.048,0,22.6,30,4.1,21.2,6.15,1.1934,114,1,100,5
12/10/2024,1:55p,4.4,4.4,4.3,90,2.9,6.4,ENE,0.54,12.9,ENE,2.9,4.3,2.8,765.6,0,0,0.048,0,22.5,30,4,21.2,6.15,1.1937,116,1,100,5
12/10/2024,2:00p,4.4,4.4,4.3,90,2.9,4.8,E,0.4,6.4,E,3.5,4.3,3.4,765.7,0,0,0.048,0,22.5,30,4,21.2,6.15,1.1938,116,1,100,5
12/10/2024,2:05p,4.4,4.4,4.4,91,3,1.6,E,0.13,6.4,E,4.4,4.3,4.3,765.6,0,0,0.048,0,22.5,30,4,21.2,6.15,1.1938,117,1,100,5
12/10/2024,2:10p,4.4,4.4,4.4,91,3.1,0,---,0,0,---,4.4,4.4,4.4,765.6,0,0,0.048,0,22.5,31,4.5,21.2,6.3,1.1933,117,1,100,5
12/10/2024,2:15p,4.4,4.4,4.4,91,3.1,0,---,0,0,---,4.4,4.4,4.4,765.5,0,0,0.048,0,22.5,31,4.5,21.2,6.3,1.1933,116,1,100,5
12/10/2024,2:20p,4.4,4.5,4.4,91,3.1,0,---,0,0,---,4.4,4.4,4.4,765.5,0,0,0.048,0,22.4,31,4.5,21.1,6.3,1.1935,113,1,99.1,5
12/10/2024,2:25p,4.5,4.5,4.4,91,3.2,3.2,E,0.27,6.4,E,4.4,4.4,4.3,765.5,0,0,0.048,0,22.4,31,4.5,21.1,6.3,1.1934,110,1,96.5,5
12/10/2024,2:30p,4.5,4.5,4.4,91,3.2,4.8,E,0.4,6.4,E,3.6,4.4,3.6,765.4,0,0,0.048,0,22.4,31,4.5,21.1,6.3,1.1933,113,1,99.1,5
12/10/2024,2:35p,4.5,4.5,4.5,91,3.2,4.8,E,0.4,9.7,ESE,3.6,4.4,3.6,765.3,0,0,0.048,0,22.4,31,4.5,21.1,6.3,1.1932,115,1,100,5
12/10/2024,2:40p,4.6,4.6,4.5,91,3.3,4.8,ESE,0.4,9.7,ESE,3.7,4.6,3.7,765.3,0,0,0.048,0,22.4,31,4.5,21.1,6.3,1.1932,115,1,100,5
12/10/2024,2:45p,4.7,4.7,4.6,91,3.3,1.6,E,0.13,6.4,E,4.7,4.6,4.6,765.3,0,0,0.047,0,22.4,31,4.5,21.1,6.3,1.1931,113,1,99.1,5
12/10/2024,2:50p,4.7,4.7,4.7,91,3.3,4.8,E,0.4,6.4,E,3.8,4.6,3.7,765.2,0,0,0.047,0,22.4,31,4.5,21.1,6.3,1.193,117,1,100,5
12/10/2024,2:55p,4.7,4.7,4.7,91,3.4,3.2,E,0.27,6.4,E,4.6,4.7,4.6,765.2,0,0,0.047,0,22.4,31,4.5,21.1,6.3,1.193,115,1,100,5
12/10/2024,3:00p,4.7,4.7,4.7,91,3.4,3.2,E,0.27,6.4,E,4.6,4.7,4.6,765.1,0,0,0.047,0,22.4,31,4.5,21.1,6.3,1.1929,115,1,100,5
12/10/2024,3:05p,4.8,4.8,4.7,91,3.4,4.8,E,0.4,6.4,E,3.9,4.7,3.9,765.1,0,0,0.047,0,22.4,31,4.5,21.1,6.3,1.1928,112,1,98.2,5
12/10/2024,3:10p,4.8,4.8,4.8,91,3.4,1.6,E,0.13,6.4,E,4.8,4.7,4.7,765,0,0,0.047,0,22.4,31,4.5,21.1,6.3,1.1928,114,1,100,5
12/10/2024,3:15p,4.8,4.8,4.8,91,3.4,0,---,0,0,---,4.8,4.7,4.7,765,0,0,0.047,0,22.4,31,4.5,21.1,6.3,1.1927,117,1,100,5
12/10/2024,3:20p,4.8,4.8,4.8,91,3.5,0,---,0,0,---,4.8,4.8,4.8,764.9,0,0,0.047,0,22.4,31,4.4,21.1,6.3,1.1928,117,1,100,5
12/10/2024,3:25p,4.8,4.8,4.8,91,3.5,0,---,0,0,---,4.8,4.8,4.8,764.8,0,0,0.047,0,22.4,31,4.4,21.1,6.3,1.1927,117,1,100,5
12/10/2024,3:30p,4.8,4.8,4.8,91,3.5,0,---,0,0,---,4.8,4.8,4.8,764.8,0,0,0.047,0,22.4,31,4.4,21.1,6.3,1.1927,116,1,100,5
12/10/2024,3:35p,4.8,4.8,4.8,91,3.5,0,---,0,0,---,4.8,4.8,4.8,764.7,0,0,0.047,0,22.4,31,4.4,21.1,6.3,1.1926,117,1,100,5
12/10/2024,3:40p,4.8,4.8,4.8,91,3.5,0,---,0,0,---,4.8,4.8,4.8,764.7,0,0,0.047,0,22.4,31,4.4,21.1,6.3,1.1925,115,1,100,5
12/10/2024,3:45p,4.8,4.8,4.8,91,3.4,0,---,0,0,---,4.8,4.7,4.7,764.6,0.25,0,0.047,0,22.4,31,4.4,21.1,6.3,1.1924,114,1,100,5
12/10/2024,3:50p,4.8,4.8,4.8,92,3.6,0,E,0,1.6,E,4.8,4.8,4.8,764.6,0,0,0.047,0,22.3,31,4.4,20.9,6.31,1.1927,113,1,99.1,5
12/10/2024,3:55p,4.8,4.8,4.8,92,3.6,0,E,0,1.6,E,4.8,4.8,4.8,764.6,0,0,0.047,0,22.3,32,4.8,21,6.51,1.1923,116,1,100,5
12/10/2024,4:00p,4.8,4.8,4.8,92,3.6,0,---,0,0,---,4.8,4.8,4.8,764.6,0,0,0.047,0,22.3,32,4.8,21,6.51,1.1923,115,1,100,5
12/10/2024,4:05p,4.8,4.8,4.8,92,3.6,0,---,0,0,---,4.8,4.8,4.8,764.6,0,0,0.047,0,22.3,32,4.8,21,6.51,1.1923,115,1,100,5
12/10/2024,4:10p,4.7,4.8,4.7,92,3.5,0,---,0,0,---,4.7,4.7,4.7,764.6,0,0,0.047,0,22.3,32,4.8,21,6.51,1.1922,116,1,100,5
12/10/2024,4:15p,4.7,4.7,4.7,92,3.5,0,---,0,0,---,4.7,4.7,4.7,764.5,0,0,0.047,0,22.3,32,4.8,21,6.51,1.1921,113,1,99.1,5
12/10/2024,4:20p,4.7,4.7,4.7,92,3.5,0,---,0,0,---,4.7,4.7,4.7,764.5,0,0,0.047,0,22.3,32,4.8,21,6.51,1.1921,117,1,100,5
12/10/2024,4:25p,4.8,4.8,4.7,92,3.6,0,---,0,0,---,4.8,4.8,4.8,764.4,0,0,0.047,0,22.3,32,4.8,20.9,6.51,1.1923,115,1,100,5
12/10/2024,4:30p,4.8,4.8,4.7,92,3.6,0,---,0,0,---,4.8,4.8,4.8,764.4,0,0,0.047,0,22.3,32,4.8,20.9,6.51,1.1922,112,1,98.2,5
12/10/2024,4:35p,4.8,4.8,4.7,92,3.6,0,---,0,0,---,4.8,4.8,4.8,764.3,0,0,0.047,0,22.3,32,4.8,20.9,6.51,1.1921,114,1,100,5
12/10/2024,4:40p,4.8,4.8,4.8,92,3.6,0,---,0,0,---,4.8,4.8,4.8,764.3,0,0,0.047,0,22.3,32,4.8,20.9,6.51,1.1921,116,1,100,5
12/10/2024,4:45p,4.8,4.8,4.8,92,3.6,0,---,0,0,---,4.8,4.8,4.8,764.2,0,0,0.047,0,22.3,32,4.8,20.9,6.51,1.192,117,1,100,5
12/10/2024,4:50p,4.8,4.8,4.7,92,3.6,0,---,0,0,---,4.8,4.8,4.8,764.2,0,0,0.047,0,22.3,32,4.8,20.9,6.51,1.1919,117,1,100,5
12/10/2024,4:55p,4.8,4.8,4.7,92,3.6,0,---,0,0,---,4.8,4.8,4.8,764.2,0,0,0.047,0,22.3,32,4.8,20.9,6.51,1.1919,116,1,100,5
12/10/2024,5:00p,4.7,4.8,4.7,92,3.5,0,---,0,0,---,4.7,4.7,4.7,764.1,0,0,0.047,0,22.3,32,4.8,20.9,6.51,1.1918,115,1,100,5
12/10/2024,5:05p,4.7,4.8,4.7,92,3.5,1.6,E,0.13,6.4,E,4.7,4.7,4.7,764.2,0,0,0.047,0,22.2,32,4.7,20.8,6.51,1.1921,116,1,100,5
12/10/2024,5:10p,4.7,4.7,4.7,92,3.5,4.8,E,0.4,6.4,E,3.9,4.7,3.9,764.1,0,0,0.047,0,22.2,32,4.7,20.8,6.51,1.1921,115,1,100,5
12/10/2024,5:15p,4.7,4.7,4.7,92,3.5,4.8,E,0.4,9.7,E,3.9,4.7,3.9,764.1,0,0,0.047,0,22.2,32,4.7,20.8,6.51,1.1921,112,1,98.2,5
12/10/2024,5:20p,4.7,4.7,4.7,92,3.5,4.8,E,0.4,9.7,E,3.9,4.7,3.9,764.1,0,0,0.047,0,22.2,32,4.7,20.8,6.51,1.192,116,1,100,5
12/10/2024,5:25p,4.8,4.8,4.7,92,3.6,4.8,E,0.4,9.7,E,3.9,4.8,3.9,764.1,0,0,0.047,0,22.2,32,4.7,20.8,6.51,1.1919,116,1,100,5
12/10/2024,5:30p,4.8,4.8,4.7,93,3.8,6.4,E,0.54,9.7,E,3.4,4.8,3.4,764.1,0,0,0.047,0,22.2,32,4.7,20.8,6.51,1.192,117,1,100,5
12/10/2024,5:35p,4.8,4.8,4.8,93,3.8,4.8,ESE,0.4,9.7,ESE,4,4.8,4,764.1,0,0,0.047,0,22.2,32,4.7,20.8,6.51,1.1923,115,1,100,5
12/10/2024,5:40p,4.8,4.8,4.8,93,3.7,3.2,ESE,0.27,4.8,ESE,4.7,4.8,4.7,764.2,0,0,0.047,0,22.2,32,4.7,20.8,6.51,1.1924,116,1,100,5
12/10/2024,5:45p,4.8,4.8,4.8,92,3.6,1.6,ESE,0.13,3.2,ESE,4.8,4.8,4.8,764.2,0,0,0.047,0,22.2,32,4.7,20.8,6.51,1.1924,114,1,100,5
12/10/2024,5:50p,4.8,4.8,4.7,92,3.6,1.6,ESE,0.13,3.2,ESE,4.8,4.8,4.8,764.2,0,0,0.047,0,22.2,32,4.7,20.8,6.51,1.1924,113,1,99.1,5
12/10/2024,5:55p,4.8,4.8,4.7,93,3.7,3.2,ESE,0.27,6.4,ESE,4.7,4.8,4.7,764.1,0,0,0.047,0,22.2,32,4.7,20.8,6.51,1.1923,115,1,100,5
12/10/2024,6:00p,4.8,4.8,4.7,93,3.8,4.8,ESE,0.4,9.7,ESE,4,4.8,4,764.1,0,0,0.047,0,22.2,32,4.7,20.8,6.51,1.1922,115,1,100,5
12/10/2024,6:05p,4.8,4.8,4.8,93,3.8,1.6,E,0.13,9.7,E,4.8,4.8,4.8,764.1,0,0,0.047,0,22.2,32,4.7,20.8,6.51,1.1922,116,1,100,5
12/10/2024,6:10p,4.9,4.9,4.8,93,3.9,4.8,E,0.4,9.7,E,4.1,4.9,4.1,764,0,0,0.047,0,22.2,32,4.7,20.8,6.51,1.1922,117,1,100,5
12/10/2024,6:15p,4.9,4.9,4.9,93,3.9,4.8,E,0.4,9.7,E,4.1,4.9,4.1,764,0,0,0.047,0,22.2,32,4.7,20.8,6.51,1.1921,116,1,100,5
12/10/2024,6:20p,4.9,4.9,4.9,93,3.9,4.8,E,0.4,9.7,E,4.1,4.9,4.1,763.9,0,0,0.047,0,22.2,32,4.7,20.8,6.51,1.192,115,1,100,5
12/10/2024,6:25p,4.9,4.9,4.9,93,3.9,6.4,E,0.54,9.7,E,3.6,4.9,3.6,763.9,0,0,0.046,0,22.2,32,4.7,20.8,6.51,1.192,116,1,100,5
12/10/2024,6:30p,5,5,4.9,93,4,4.8,ENE,0.4,9.7,E,4.2,5,4.2,763.8,0,0,0.046,0,22.1,32,4.6,20.7,6.51,1.1921,114,1,100,5
12/10/2024,6:35p,5.1,5.1,5,92,3.9,4.8,ENE,0.4,8,ENE,4.2,5.1,4.2,763.8,0,0,0.046,0,22.1,32,4.6,20.7,6.51,1.192,113,1,99.1,5
12/10/2024,6:40p,5.1,5.1,5.1,92,3.9,0,ENE,0,4.8,ENE,5.1,5.1,5.1,763.8,0,0,0.046,0,22.1,32,4.6,20.7,6.51,1.192,114,1,100,5
12/10/2024,6:45p,5.1,5.1,5,92,3.9,1.6,ENE,0.13,6.4,ENE,5.1,5.1,5.1,763.8,0,0,0.046,0,22.1,32,4.6,20.7,6.51,1.1921,116,1,100,5
12/10/2024,6:50p,4.9,5.1,4.9,92,3.8,4.8,ENE,0.4,8,ENE,4.1,4.9,4.1,763.8,0,0,0.046,0,22.1,32,4.6,20.7,6.51,1.1921,117,1,100,5
12/10/2024,6:55p,5,5,4.9,91,3.7,3.2,ENE,0.27,6.4,ENE,4.9,4.9,4.9,763.7,0,0,0.046,0,22.1,32,4.6,20.7,6.51,1.1919,117,1,100,5
12/10/2024,7:00p,5.1,5.1,5,91,3.7,3.2,ENE,0.27,6.4,ENE,5,5,4.9,763.6,0,0,0.046,0,22.1,32,4.6,20.7,6.51,1.1917,116,1,100,5
12/10/2024,7:05p,5.1,5.1,5.1,90,3.6,3.2,ENE,0.27,6.4,ENE,5.1,5.1,5,763.6,0,0,0.046,0,22.1,32,4.6,20.7,6.51,1.1918,116,1,100,5
12/10/2024,7:10p,5.2,5.2,5.1,90,3.7,0,ENE,0,3.2,ENE,5.2,5.1,5.1,763.6,0,0,0.046,0,22.1,32,4.6,20.7,6.51,1.1917,116,1,100,5
12/10/2024,7:15p,5.2,5.2,5.2,89,3.6,1.6,ENE,0.13,6.4,ENE,5.2,5.2,5.2,763.5,0,0,0.046,0,22.1,32,4.6,20.6,6.52,1.1919,112,1,98.2,5
12/10/2024,7:20p,5.3,5.3,5.2,88,3.5,1.6,ENE,0.13,4.8,ENE,5.3,5.2,5.2,763.4,0,0,0.045,0,22.1,32,4.6,20.6,6.52,1.1918,115,1,100,5
12/10/2024,7:25p,5.3,5.3,5.3,87,3.3,3.2,ENE,0.27,8,ENE,5.3,5.2,5.2,763.3,0,0,0.045,0,22.1,32,4.6,20.6,6.52,1.1916,115,1,100,5
12/10/2024,7:30p,5.4,5.4,5.3,87,3.4,1.6,ENE,0.13,6.4,ENE,5.4,5.3,5.3,763.3,0,0,0.045,0,22.1,32,4.6,20.6,6.52,1.1915,115,1,100,5
12/10/2024,7:35p,5.4,5.4,5.4,87,3.5,1.6,ENE,0.13,6.4,ENE,5.4,5.4,5.4,763.3,0,0,0.045,0,22.1,32,4.6,20.6,6.52,1.1915,116,1,100,5
12/10/2024,7:40p,5.5,5.5,5.4,86,3.3,3.2,ENE,0.27,8,ENE,5.5,5.4,5.4,763.2,0,0,0.045,0,22,32,4.5,20.5,6.52,1.1917,117,1,100,5
12/10/2024,7:45p,5.6,5.6,5.5,85,3.2,6.4,ENE,0.54,12.9,E,4.2,5.4,4.1,763.2,0,0,0.044,0,22,32,4.5,20.5,6.52,1.1916,115,1,100,5
12/10/2024,7:50p,5.7,5.7,5.6,86,3.5,4.8,E,0.4,6.4,E,4.9,5.6,4.8,763.2,0,0,0.044,0,22,32,4.5,20.5,6.52,1.1916,113,1,99.1,5
12/10/2024,7:55p,5.6,5.7,5.6,86,3.5,4.8,ENE,0.4,9.7,ENE,4.8,5.5,4.7,763.2,0,0,0.044,0,21.9,32,4.5,20.4,6.52,1.1919,114,1,100,5
12/10/2024,8:00p,5.6,5.6,5.6,87,3.6,3.2,ENE,0.27,6.4,E,5.6,5.5,5.5,763.2,0,0,0.044,0,21.9,32,4.5,20.4,6.52,1.1919,114,1,100,5
12/10/2024,8:05p,5.5,5.6,5.5,88,3.7,3.2,E,0.27,4.8,E,5.5,5.4,5.4,763.1,0,0,0.045,0,21.9,32,4.5,20.4,6.52,1.1917,117,1,100,5
12/10/2024,8:10p,5.4,5.5,5.4,88,3.6,3.2,E,0.27,4.8,E,5.4,5.3,5.3,763.1,0,0,0.045,0,21.9,32,4.5,20.4,6.52,1.1917,117,1,100,5
12/10/2024,8:15p,5.4,5.4,5.4,88,3.6,4.8,E,0.4,6.4,E,4.6,5.3,4.6,763.1,0,0,0.045,0,21.9,32,4.5,20.4,6.52,1.1917,116,1,100,5
12/10/2024,8:20p,5.3,5.4,5.3,89,3.7,3.2,E,0.27,4.8,E,5.3,5.3,5.3,762.9,0,0,0.045,0,21.9,32,4.5,20.4,6.52,1.1915,117,1,100,5
12/10/2024,8:25p,5.3,5.3,5.3,89,3.6,1.6,E,0.13,6.4,E,5.3,5.2,5.2,763,0,0,0.045,0,21.9,33,4.9,20.5,6.62,1.1913,117,1,100,5
12/10/2024,8:30p,5.3,5.3,5.3,89,3.6,6.4,E,0.54,8,E,3.9,5.2,3.9,762.8,0,0,0.045,0,21.9,33,4.9,20.5,6.62,1.191,115,1,100,5
12/10/2024,8:35p,5.3,5.3,5.3,90,3.8,6.4,E,0.54,8,E,3.9,5.3,3.9,762.8,0,0,0.045,0,21.9,33,4.9,20.5,6.62,1.191,114,1,100,5
12/10/2024,8:40p,5.3,5.3,5.3,90,3.8,6.4,E,0.54,8,E,4,5.3,4,762.7,0,0,0.045,0,21.9,33,4.9,20.5,6.62,1.1909,115,1,100,5
12/10/2024,8:45p,5.3,5.4,5.3,90,3.8,6.4,E,0.54,9.7,E,4,5.3,4,762.7,0,0,0.045,0,21.9,33,4.9,20.5,6.62,1.1908,117,1,100,5
12/10/2024,8:50p,5.4,5.4,5.3,90,3.9,4.8,E,0.4,9.7,E,4.6,5.4,4.6,762.7,0,0,0.045,0,21.9,33,4.9,20.4,6.62,1.191,116,1,100,5
12/10/2024,8:55p,5.4,5.4,5.4,90,3.9,1.6,E,0.13,9.7,E,5.4,5.4,5.4,762.7,0,0,0.045,0,21.9,33,4.9,20.5,6.62,1.1908,116,1,100,5
12/10/2024,9:00p,5.5,5.5,5.4,90,4,0,---,0,0,---,5.5,5.5,5.5,762.7,0,0,0.045,0,21.9,33,4.9,20.4,6.62,1.1911,114,1,100,5
12/10/2024,9:05p,5.5,5.6,5.5,90,4,0,---,0,0,---,5.5,5.5,5.5,762.6,0,0,0.045,0,21.9,33,4.9,20.4,6.62,1.1909,116,1,100,5
12/10/2024,9:10p,5.6,5.6,5.5,90,4.1,1.6,E,0.13,6.4,E,5.6,5.6,5.6,762.6,0,0,0.044,0,21.9,33,4.9,20.4,6.62,1.1909,115,1,100,5
12/10/2024,9:15p,5.7,5.7,5.6,91,4.3,0,E,0,1.6,E,5.7,5.7,5.7,762.5,0,0,0.044,0,21.9,33,4.9,20.4,6.62,1.1907,114,1,100,5
12/10/2024,9:20p,5.7,5.7,5.6,90,4.2,0,---,0,0,---,5.7,5.7,5.7,762.5,0,0,0.044,0,21.9,33,4.9,20.4,6.62,1.1907,114,1,100,5
12/10/2024,9:25p,5.7,5.7,5.7,91,4.3,0,E,0,6.4,E,5.7,5.7,5.7,762.4,0,0,0.044,0,21.9,33,4.9,20.4,6.62,1.1905,115,1,100,5
12/10/2024,9:30p,5.7,5.7,5.7,91,4.4,6.4,E,0.54,9.7,E,4.4,5.7,4.4,762.4,0,0,0.044,0,21.9,33,4.9,20.4,6.62,1.1905,117,1,100,5
12/10/2024,9:35p,5.7,5.7,5.7,90,4.2,3.2,E,0.27,9.7,E,5.7,5.7,5.7,762.4,0,0,0.044,0,21.8,33,4.8,20.3,6.62,1.1908,117,1,100,5
12/10/2024,9:40p,5.7,5.7,5.7,90,4.2,3.2,ESE,0.27,6.4,ESE,5.7,5.7,5.7,762.5,0,0,0.044,0,21.9,33,4.9,20.4,6.62,1.1907,117,1,100,5
12/10/2024,9:45p,5.7,5.7,5.7,90,4.2,3.2,ESE,0.27,4.8,ESE,5.7,5.7,5.7,762.5,0,0,0.044,0,21.8,33,4.8,20.3,6.62,1.191,116,1,100,5
12/10/2024,9:50p,5.7,5.7,5.7,89,4,1.6,ESE,0.13,3.2,ESE,5.7,5.7,5.7,762.5,0,0,0.044,0,21.8,33,4.8,20.3,6.62,1.191,113,1,99.1,5
12/10/2024,9:55p,5.7,5.7,5.7,89,4,0,ESE,0,1.6,ESE,5.7,5.7,5.7,762.5,0,0,0.044,0,21.8,33,4.8,20.3,6.62,1.191,114,1,100,5
12/10/2024,10:00p,5.7,5.7,5.6,88,3.8,1.6,ESE,0.13,6.4,ESE,5.7,5.6,5.6,762.4,0,0,0.044,0,21.8,33,4.8,20.3,6.62,1.1908,115,1,100,5
12/10/2024,10:05p,5.7,5.7,5.7,87,3.7,3.2,ESE,0.27,4.8,ESE,5.7,5.7,5.7,762.3,0,0,0.044,0,21.8,33,4.8,20.3,6.62,1.1907,117,1,100,5
12/10/2024,10:10p,5.8,5.8,5.7,86,3.6,3.2,ESE,0.27,4.8,ESE,5.8,5.7,5.7,762.4,0,0,0.044,0,21.8,33,4.8,20.3,6.62,1.1908,115,1,100,5
12/10/2024,10:15p,5.9,5.9,5.8,85,3.6,0,ESE,0,4.8,ESE,5.9,5.8,5.8,762.4,0,0,0.043,0,21.8,33,4.8,20.3,6.62,1.1908,116,1,100,5
12/10/2024,10:20p,5.9,5.9,5.9,85,3.6,0,ESE,0,1.6,ESE,5.9,5.9,5.9,762.4,0,0,0.043,0,21.8,32,4.4,20.3,6.52,1.1911,117,1,100,5
12/10/2024,10:25p,6.1,6.1,5.9,84,3.6,0,ESE,0,3.2,ESE,6.1,6,6,762.3,0,0,0.043,0,21.8,32,4.4,20.3,6.52,1.191,117,1,100,5
12/10/2024,10:30p,6.1,6.1,6,85,3.8,0,---,0,0,---,6.1,6.1,6.1,762.3,0,0,0.042,0,21.8,32,4.3,20.2,6.53,1.1913,114,1,100,5
12/10/2024,10:35p,6.2,6.2,6.1,85,3.8,0,---,0,0,---,6.2,6.1,6.1,762.3,0,0,0.042,0,21.8,32,4.3,20.2,6.53,1.1912,115,1,100,5
12/10/2024,10:40p,6.2,6.2,6.2,85,3.9,0,---,0,0,---,6.2,6.2,6.2,762.2,0,0,0.042,0,21.8,32,4.3,20.2,6.53,1.1911,117,1,100,5
12/10/2024,10:45p,6.3,6.3,6.2,85,3.9,0,---,0,0,---,6.3,6.2,6.2,762.2,0,0,0.042,0,21.8,32,4.3,20.2,6.53,1.1911,116,1,100,5
12/10/2024,10:50p,6.4,6.4,6.3,85,4,0,---,0,0,---,6.4,6.3,6.3,762.1,0,0,0.041,0,21.8,33,4.8,20.3,6.63,1.1906,117,1,100,5
12/10/2024,10:55p,6.4,6.4,6.4,85,4.1,0,---,0,0,---,6.4,6.4,6.4,762,0,0,0.041,0,21.8,33,4.8,20.3,6.63,1.1905,117,1,100,5
12/10/2024,11:00p,6.6,6.6,6.4,85,4.2,3.2,ESE,0.27,4.8,ESE,6.6,6.5,6.5,762,0,0,0.041,0,21.8,33,4.8,20.3,6.63,1.1904,115,1,100,5
12/10/2024,11:05p,6.6,6.6,6.6,84,4.1,4.8,ESE,0.4,6.4,ESE,6,6.6,5.9,761.9,0,0,0.041,0,21.8,33,4.8,20.3,6.63,1.1903,114,1,100,5
12/10/2024,11:10p,6.7,6.7,6.6,85,4.3,3.2,ESE,0.27,4.8,ESE,6.7,6.6,6.6,761.9,0,0,0.041,0,21.8,33,4.8,20.3,6.63,1.1903,112,1,98.2,5
12/10/2024,11:15p,6.7,6.7,6.7,84,4.2,0,---,0,0,---,6.7,6.6,6.6,761.8,0,0,0.041,0,21.8,33,4.8,20.3,6.63,1.1901,115,1,100,5
12/10/2024,11:20p,6.7,6.7,6.7,85,4.4,0,---,0,0,---,6.7,6.7,6.7,761.7,0,0,0.04,0,21.8,33,4.8,20.3,6.63,1.19,117,1,100,5
12/10/2024,11:25p,6.7,6.7,6.7,85,4.4,0,---,0,0,---,6.7,6.7,6.7,761.6,0,0,0.04,0,21.7,33,4.7,20.2,6.63,1.19,112,1,98.2,5
12/10/2024,11:30p,6.7,6.7,6.7,85,4.4,0,ESE,0,1.6,ESE,6.7,6.7,6.7,761.5,0,0,0.04,0,21.7,33,4.7,20.2,6.63,1.1899,116,1,100,5
12/10/2024,11:35p,6.8,6.8,6.7,86,4.6,4.8,E,0.4,9.7,ESE,6.2,6.7,6.1,761.4,0,0,0.04,0,21.7,33,4.7,20.2,6.63,1.1898,117,1,100,5
12/10/2024,11:40p,6.8,6.8,6.7,85,4.4,6.4,E,0.54,9.7,E,5.6,6.7,5.6,761.4,0,0,0.04,0,21.8,33,4.8,20.3,6.63,1.1895,115,1,100,5
12/10/2024,11:45p,6.8,6.8,6.8,85,4.4,6.4,E,0.54,11.3,E,5.6,6.7,5.6,761.4,0,0,0.04,0,21.8,33,4.8,20.3,6.63,1.1895,113,1,99.1,5
12/10/2024,11:50p,6.8,6.8,6.8,85,4.4,6.4,E,0.54,9.7,E,5.6,6.7,5.6,761.4,0,0,0.04,0,21.8,33,4.8,20.3,6.63,1.1895,116,1,100,5
12/10/2024,11:55p,6.8,6.8,6.8,84,4.3,1.6,E,0.13,6.4,E,6.8,6.7,6.7,761.4,0,0,0.04,0,21.7,33,4.7,20.2,6.63,1.1897,116,1,100,5
12/11/2024,12:00a,6.8,6.8,6.8,84,4.3,0,---,0,0,---,6.8,6.8,6.8,761.3,0,0,0.04,0,21.8,33,4.8,20.3,6.63,1.1893,114,1,100,5
12/11/2024,12:05a,6.9,6.9,6.8,84,4.4,0,---,0,0,---,6.9,6.8,6.8,761.2,0,0,0.04,0,21.8,33,4.8,20.3,6.63,1.1892,113,1,99.1,5
12/11/2024,12:10a,6.9,6.9,6.9,84,4.4,0,E,0,1.6,E,6.9,6.9,6.9,761.1,0,0,0.04,0,21.8,33,4.8,20.3,6.63,1.1891,118,1,100,5
12/11/2024,12:15a,6.9,6.9,6.9,84,4.4,0,---,0,0,---,6.9,6.9,6.9,761.1,0,0,0.04,0,21.8,33,4.8,20.3,6.63,1.1891,116,1,100,5
12/11/2024,12:20a,7,7.1,6.9,85,4.6,0,---,0,0,---,7,6.9,6.9,761.1,0,0,0.039,0,21.8,33,4.8,20.3,6.63,1.189,112,1,98.2,5
12/11/2024,12:25a,7.1,7.1,7,84,4.5,0,E,0,9.7,E,7.1,7,7,761.1,0,0,0.039,0,21.8,33,4.8,20.3,6.63,1.189,116,1,100,5
12/11/2024,12:30a,7.1,7.1,7.1,84,4.5,4.8,E,0.4,9.7,E,6.5,7,6.4,761.1,0,0,0.039,0,21.8,33,4.8,20.3,6.63,1.189,114,1,100,5
12/11/2024,12:35a,7.1,7.1,7.1,84,4.6,4.8,E,0.4,9.7,E,6.6,7.1,6.5,761,0,0,0.039,0,21.8,33,4.8,20.3,6.62,1.1886,117,1,100,5
12/11/2024,12:40a,7.2,7.2,7.1,83,4.5,6.4,E,0.54,9.7,E,6.1,7.1,6.1,760.9,0,0,0.039,0,21.8,33,4.8,20.3,6.62,1.1885,116,1,100,5
12/11/2024,12:45a,7.2,7.2,7.2,83,4.5,6.4,E,0.54,8,E,6.2,7.2,6.1,760.8,0,0,0.039,0,21.9,33,4.9,20.4,6.62,1.1881,116,1,100,5
12/11/2024,12:50a,7.3,7.3,7.2,83,4.6,1.6,E,0.13,8,E,7.3,7.2,7.2,760.8,0,0,0.038,0,21.9,33,4.9,20.5,6.62,1.1878,114,1,100,5
12/11/2024,12:55a,7.4,7.4,7.3,82,4.5,0,---,0,0,---,7.4,7.3,7.3,760.7,0,0,0.038,0,22,33,5,20.6,6.62,1.1874,111,1,97.4,5
12/11/2024,1:00a,7.5,7.5,7.4,83,4.8,0,E,0,3.2,E,7.5,7.4,7.4,760.7,0,0,0.038,0,22.1,33,5,20.7,6.62,1.1871,114,1,100,5
12/11/2024,1:05a,7.6,7.6,7.5,82,4.7,3.2,E,0.27,11.3,E,7.6,7.5,7.5,760.6,0,0,0.037,0,22.1,33,5.1,20.7,6.61,1.1868,117,1,100,5
12/11/2024,1:10a,7.7,7.7,7.6,82,4.8,1.6,E,0.13,6.4,E,7.7,7.6,7.6,760.5,0,0,0.037,0,22.2,33,5.1,20.8,6.61,1.1863,116,1,100,5
12/11/2024,1:15a,7.8,7.8,7.7,81,4.7,4.8,NNE,0.4,12.9,NNE,7.3,7.7,7.2,760.4,0,0,0.037,0,22.2,33,5.1,20.8,6.61,1.1861,118,1,100,5
12/11/2024,1:20a,7.9,7.9,7.8,81,4.8,4.8,NE,0.4,11.3,NNE,7.4,7.8,7.3,760.3,0,0,0.036,0,22.3,33,5.2,21,6.61,1.1854,114,1,100,5
12/11/2024,1:25a,7.9,7.9,7.9,81,4.9,3.2,NE,0.27,8,NE,7.9,7.8,7.8,760.2,0,0,0.036,0,22.3,33,5.3,21.1,6.61,1.185,114,1,100,5
12/11/2024,1:30a,8.1,8.1,7.9,80,4.8,6.4,E,0.54,12.9,E,7.1,7.9,7,760,0,0,0.036,0,22.4,33,5.3,21.2,6.6,1.1845,114,1,100,5
12/11/2024,1:35a,8.2,8.2,8.1,80,4.9,3.2,NNE,0.27,8,NE,8.2,8.1,8.1,759.9,0,0,0.035,0,22.5,33,5.4,21.3,6.6,1.1839,116,1,100,5
12/11/2024,1:40a,8.3,8.4,8.2,79,4.9,4.8,NNE,0.4,11.3,NNE,7.9,8.2,7.8,759.9,0,0,0.035,0,22.6,34,5.9,21.6,6.8,1.183,116,1,100,5
12/11/2024,1:45a,8.5,8.5,8.4,79,5.1,6.4,E,0.54,12.9,E,7.7,8.4,7.6,759.8,0,0,0.034,0,22.7,34,6,21.7,6.79,1.1823,117,1,100,5
12/11/2024,1:50a,8.5,8.5,8.5,78,4.9,6.4,E,0.54,12.9,E,7.7,8.4,7.6,759.7,0,0,0.034,0,22.8,34,6.1,21.8,6.79,1.1819,116,1,100,5
12/11/2024,1:55a,8.4,8.5,8.4,78,4.8,8,E,0.67,12.9,E,7.2,8.3,7.1,759.7,0,0,0.034,0,22.8,34,6.1,21.8,6.79,1.1816,115,1,100,5
12/11/2024,2:00a,8.4,8.4,8.4,78,4.8,6.4,E,0.54,11.3,E,7.6,8.3,7.4,759.6,0,0,0.034,0,22.9,34,6.2,21.9,6.79,1.1812,112,1,98.2,5
12/11/2024,2:05a,8.5,8.5,8.4,77,4.7,8,E,0.67,14.5,E,7.3,8.4,7.2,759.6,0,0,0.034,0,22.9,33,5.8,21.9,6.58,1.1813,116,1,100,5
12/11/2024,2:10a,8.6,8.6,8.5,77,4.8,8,E,0.67,12.9,E,7.3,8.4,7.2,759.6,0,0,0.034,0,23,33,5.9,22,6.58,1.181,117,1,100,5
12/11/2024,2:15a,8.6,8.6,8.5,76,4.6,8,E,0.67,12.9,E,7.4,8.4,7.2,759.5,0,0,0.034,0,23.1,33,5.9,22.1,6.58,1.1805,117,1,100,5
12/11/2024,2:20a,8.7,8.7,8.6,76,4.7,8,E,0.67,12.9,E,7.4,8.5,7.3,759.3,0,0,0.034,0,23.2,33,6,22.2,6.58,1.1798,117,1,100,5
12/11/2024,2:25a,8.7,8.7,8.7,76,4.7,8,E,0.67,12.9,E,7.5,8.6,7.3,759.3,0,0,0.033,0,23.3,32,5.7,22.3,6.47,1.1793,116,1,100,5
12/11/2024,2:30a,8.7,8.7,8.7,76,4.7,8,E,0.67,12.9,E,7.5,8.6,7.3,759.2,0,0,0.033,0,23.4,32,5.8,22.4,6.47,1.1786,114,1,100,5
12/11/2024,2:35a,8.8,8.8,8.7,77,5,8,E,0.67,11.3,E,7.7,8.7,7.6,759.1,0,0,0.033,0,23.6,32,5.9,22.6,6.46,1.178,116,1,100,5
12/11/2024,2:40a,8.9,8.9,8.8,75,4.7,6.4,E,0.54,9.7,E,8.1,8.7,7.9,759,0,0,0.033,0,23.7,31,5.6,22.7,6.26,1.1774,114,1,100,5
12/11/2024,2:45a,9,9,8.9,73,4.4,6.4,E,0.54,9.7,E,8.2,8.8,8,758.9,0,0,0.032,0,23.8,31,5.7,22.9,6.25,1.1768,114,1,100,5
12/11/2024,2:50a,9.1,9.1,9,74,4.7,6.4,E,0.54,9.7,E,8.3,8.9,8.2,758.8,0,0,0.032,0,23.9,31,5.8,23,6.25,1.1761,116,1,100,5
12/11/2024,2:55a,9.2,9.2,9.1,74,4.8,6.4,E,0.54,11.3,E,8.5,9.1,8.3,758.8,0,0,0.032,0,24.1,31,5.9,23.1,6.24,1.1755,113,1,99.1,5
12/11/2024,3:00a,9.4,9.4,9.2,72,4.6,3.2,E,0.27,9.7,E,9.4,9.2,9.2,758.7,0,0,0.031,0,24.1,31,5.9,23.2,6.24,1.1752,111,1,97.4,5
12/11/2024,3:05a,9.5,9.5,9.4,72,4.7,4.8,ESE,0.4,9.7,ESE,9.2,9.3,9,758.7,0,0,0.031,0,24.2,30,5.5,23.3,6.05,1.175,116,1,100,5
12/11/2024,3:10a,9.6,9.6,9.5,74,5.1,4.8,SE,0.4,8,SE,9.3,9.4,9.1,758.7,0,0,0.03,0,24.3,30,5.6,23.4,6.05,1.1744,117,1,100,5
12/11/2024,3:15a,9.2,9.6,9.2,77,5.4,4.8,ESE,0.4,8,ESE,8.9,9.1,8.8,758.7,0,0,0.032,0,24.4,30,5.7,23.4,6.05,1.1742,117,1,100,5
